SB75-B-YW-Q6-6.0,DIAMOND LUNARIA BANGLE,NO SIZE,NO COLOR
CB1865-MIX01-Y-02-42.0,PARADISE MX STN NECKLACE,NO SIZE,NO COLOR
CB1975-B-YW-Q6-42.0,Diamond Lunaria Necklace,NO SIZE,NO COLOR
BB2010-MIX01-Y-02-18.5,Paradise 5 Strand Bracelet,NO SIZE,NO COLOR
OB1342-A-B-YW-Q6-0.0,DIAMOND LUNARA WIRE EARRING,NO SIZE,NO COLOR
AB550-B-YW-Q6-7.0,YGDIALUNRNG,SIZE 7,NO COLOR
OB1430-MIX01-Y-02-0.0,YGPARASRTEAR,NO SIZE,NO COLOR
BG337- -W-01-18.0,WGMARBRC,NOSIZE,NO COLOR
CB1965-B-YW-Q6-42.0,YGDIALUNNKLC,NO SIZE,NO COLOR
BG337- -Y-01-18.0,YGMARBRC,NO SIZE,NO COLOR
AG327- -Y-01-7.0,YGMARSUPRING,SIZE 7,NO COLOR
OG343- -Y-01-0.0,YGLUNSTUD,NO SIZE,NO COLOR
CB1905-MIX01-Y-02-42.0,YGPARANKLC,NO SIZE,NO COLOR
OB1432-B-YW-Q6-0.0,YGDIALUNSTUD,NO SIZE,NO COLOR
OB1431-MIX01-Y-02-0.0,YGPAREAR,NO SIZE,NO COLOR
OG255- -Y-01-0.0,YGMARSUPEAR,NO SIZE,NO COLOR
OB1465-B-YW-Q6-0.0,YGDIALUNEAR,NO SIZE,NO COLOR
CG723- -Y-01-42.5,YGMARSUPNKLC,NO SIZE,NO COLOR
AB550-B-YW-Q6-6.0,YGDIALUNRNG,SIZE 6,NO COLOR
BB1965-B-YW-Q6-16.0,YGDIALUNBRC,NO SIZE,NO COLOR
SB67- -Y-02-6.0,YGLUNBNGL,NO SIZE,NO COLOR
OG344- -YW-01-0.0,YWGMARSUPEAR,NO SIZE,NO COLOR
CG722- -3C-01-42.0,3C100BLMNKLC,NO SIZE,NO COLOR
AG326-B-YW-M5-7.0,YG100BLMDIARNG,SIZE 7,NO COLOR
OB1343-A-B1-YW-Q6-0.0,YGDIALUNDRPEAR,NO SIZE,NO COLOR
OB1381-A-AQCA-Y-02-0.0,YGSVRSTDRPEAR,NO SIZE,NO COLOR
BG722- -3C-01-18.0,3C100BLMBRC,NO SIZE,NO COLOR
OB1381-AQ02-Y-02-0.0,YGSVGRST2DRPEAR,NO SIZE,NO COLOR
AG324- -YW-01-7.0,YWG100BLMRNG,SIZE 7,NO COLOR
OB1381-B-CA02-YW-Q6-0.0,YGSVGRSTDIAEAR,NO SIZE,NO COLOR
CB1974-B-YW-Q6-42.0,YGDIALUNNKLC,NO SIZE,NO COLOR
AG325- -3C-01-7.0,3C100BLMRNG,SIZE 7,NO COLOR
CB2040-AQCA-Y-02-92.0,YGSVGRSTNKLC,NO SIZE,NO COLOR
OB957-CA01-Y-02-0.0,YGJPRCALCSTUD,NO SIZE,NO COLOR
BB2039-AQCA-Y-02-18.0,YGSVGLRSTBRC,NO SIZE,NO COLOR
CB2039-AQCA-Y-02-42.0,YGSVGLRSTNKLC,NO SIZE,NO COLOR
OB957-LP01-Y-02-0.0,YGJPRLAPSTUD,NO SIZE,NO COLOR
OB957-MPW-Y-02-0.0,YGJPRMOPSTUD,NO SIZE,NO COLOR
OB957-TU01-Y-02-0.0,YGJPRTUSTUD,NO SIZE,NO COLOR
CB1155-MIX01-Y-02-46.0,YGPARA18NKLC,NO SIZE,NO COLOR
CB1485-MIX01-Y-02-41.5,YGJPRNKCL,NO SIZE,NO COLOR
BB538- -Y-02-19.0,YGSVGLLGBBRC,NO SIZE,NO COLOR
OB1341-A- -Y-02-0.0,YGLUNDRPEAR,NO SIZE,NO COLOR
OB938- -Y-02-0.0,YGJPRLNKSTD,NO SIZE,NO COLOR
BB765-MIX01-Y-02-18.0,YGPARAMXSTNBRC,NO SIZE,NO COLOR
OB1015- -Y-02-0.0,YGAFRSMSTUD,NO SIZE,NO COLOR
OB1234- -Y-02-0.0,YGSVGL3DRPEAR,NO SIZE,NO COLOR
OB1362- -Y-LI-0.0,YGDLCTHOOP,NO SIZE,NO COLOR
OB957-AL01-Y-02-0.0,YGJPRAMYSTUD,NO SIZE,NO COLOR
OB957-QG01-Y-02-0.0,YGJPRCITRSTUD,NO SIZE,NO COLOR
OB957-TP01-Y-02-0.0,YGJPRBLTPSTUD, NO SIZE,NO COLOR
CB1171- -Y-02-46.0,YGSVGLNKLC,NO SIZE,NO COLOR
CB553- -Y-02-41.0,YGSVGLNKLC,NO SIZE,NO COLOR
OB1007-B-YW-Q6-0.0,YGDLCTDIASTUD,NO SIZE,NO COLOR
OB1343- -Y-02-0.0,YGDLCTHOOP,NO SIZE,NO COLOR
AB471-QG01-Y-02-7.0,YGJPRCITRNG,SIZE 7,NO COLOR
OB1377-B-YW-Q6-0.0,YGDLCTDIASTUD,NO SIZE,NO COLOR
CB1779- -Y-02-42.0,YGLUNHLFCLR,NO SIZE,NO COLOR
AB549- -Y-02-7.0,YGLUNSMRNG,SIZE 7,NO COLOR
BB553- -Y-02-19.0,YGSVGLMDBRC,NO SIZE,NO COLOR
CB1624- -Y-02-92.0,YGSVGLLG36NKLC,NO SIZE,NO COLOR
OB1289-B-YW-Q6-0.0,YGDIASVGL2DRPEAR,NO SIZE,NO COLOR
BB1304-MIX01-Y-02-18.5,YGJPRMXSTNBRC,NO SIZE,NO COLOR
CB1304-MIX01-Y-02-43.0,YGJPRMXSTNNKLC,NO SIZE,NO COLOR
SB51-MIX01-Y-02-6.0,YGJPR3STRBNGL,NO SIZE,NO COLOR
CB1690-B-YW-Q6-42.0,YGDIASVGLPNDT,NO SIZE,NO COLOR
OB901-MIX01-Y-02-0.0,YGJPRMXSTNEAR,NO SIZE,NO COLOR
OB903-MIX01-Y-02-0.0,YGJPRMXSTNSTREAR,NO SIZE,NO COLOR
CB1674-B-YW-Q6-42.0,YGDJLMDPNDT,NO SIZE,NO COLOR
CB1752-B-YW-Q6-125.5,YGDIASVGLNKLC,NO SIZE,NO COLOR
CB1843-B-YW-Q6-125.0,YGDIASVGLSM36NKLC,NO SIZE,NO COLOR
CB1340- -Y-02-92.0,18K JAIPUR LINK NECKLACE,NO SIZE,NO COLOR
BG713-B-YW-M5-15.0,18K GOA DIAMOND BRACE,NO SIZE,NO COLOR
CG713-B-YW-M5-41.0,18K GOA DIAMOND NECK,NO SIZE,NO COLOR
OG330-B-YW-M5-0.0,18K GOA DIAMOND RING,NO SIZE,NO COLOR
OB957-RG01-Y-02-0.0,18K JAIPUR GARNET EAR,NO SIZE,NO COLOR
BB1793- -Y-02-15.0,18K DELICATI BRACELET,NO SIZE,NO COLOR
CB1790- -Y-02-100.0,YGLUNROLONKLC,NO SIZE,NO COLOR
OB882- -Y-02-0.0,YGJPRGLDSTUD,NO SIZE,NO COLOR
